PassengerId,Pclass,Sex,Age,SibSp,Parch,Fare,Embarked,Survived
1,3,male,22,1,0,7.25,S,0
2,1,female,38,1,0,71.2833,C,1
3,3,female,26,0,0,7.925,S,1
4,1,female,35,1,0,53.1,S,1
5,3,male,35,0,0,8.05,S,0
6,3,male,,0,0,8.4583,Q,0
7,1,male,54,0,0,51.8625,S,0
8,3,male,2,3,1,21.075,S,0
9,3,female,27,0,2,11.1333,S,1
10,2,female,14,1,0,30.0708,C,1
11,3,female,4,1,1,16.7,S,1
12,1,female,58,0,0,26.55,S,1
13,3,male,20,0,0,8.05,S,0
14,3,male,39,1,5,31.275,S,0
15,3,female,14,0,0,7.8542,S,0
16,2,female,55,0,0,16,S,1
17,3,male,2,4,1,29.125,Q,0
18,2,male,,0,0,13,S,1
19,3,female,31,1,0,18,S,0
20,3,female,,0,0,7.225,C,1
21,2,male,35,0,0,26,S,0
22,2,male,34,0,0,13,S,1
23,3,female,15,0,0,8.0292,Q,1
24,1,male,28,0,0,35.5,S,1
25,3,female,8,3,1,21.075,S,0
26,3,female,38,1,5,31.3875,S,1
27,3,male,,0,0,7.225,C,0
28,1,male,19,3,2,263,S,0
29,3,female,,0,0,7.8792,Q,1
30,3,male,,0,0,7.8958,S,0
31,1,male,40,0,0,27.7208,C,0
32,1,female,,1,0,146.5208,C,1
33,3,female,,0,0,7.75,Q,1
34,2,male,66,0,0,10.5,S,0
35,1,male,28,1,0,82.1708,C,0
36,1,male,42,1,0,52,S,0
37,3,male,,0,0,7.2292,C,1
38,3,male,21,0,0,8.05,S,0
39,3,female,18,2,0,18,S,0
40,3,female,14,1,0,11.2417,C,1
41,3,female,40,1,0,9.475,S,0
42,2,female,27,1,0,21,S,0
43,3,male,,0,0,7.8958,C,0
44,2,female,3,1,2,41.5792,C,1
45,3,female,19,0,0,7.8792,Q,1
46,3,male,,0,0,8.05,S,0
47,3,male,,1,0,15.5,Q,0
48,3,female,,0,0,7.75,Q,1
49,3,male,,2,0,21.6792,C,0
50,3,female,18,1,0,17.8,S,0
51,3,male,7,4,1,39.6875,S,0
52,3,male,21,0,0,7.8,S,0
53,1,female,49,1,0,76.7292,C,1
54,2,female,29,1,0,26,S,1
55,1,male,65,0,1,61.9792,C,0
56,1,male,,0,0,35.5,S,1
57,2,female,21,0,0,10.5,S,1
58,3,male,28.5,0,0,7.2292,C,0
59,2,female,5,1,2,27.75,S,1
60,3,male,11,5,2,46.9,S,0
61,3,male,22,0,0,7.2292,C,0
62,1,female,38,0,0,80,,1
63,1,male,45,1,0,83.475,S,0
64,3,male,4,3,2,27.9,S,0
65,1,male,,0,0,27.7208,C,0
66,3,male,,1,1,15.2458,C,1
67,2,female,29,0,0,10.5,S,1
68,3,male,19,0,0,8.1583,S,0
69,3,female,17,4,2,7.925,S,1
70,3,male,26,2,0,8.6625,S,0
71,2,male,32,0,0,10.5,S,0
72,3,female,16,5,2,46.9,S,0
73,2,male,21,0,0,73.5,S,0
74,3,male,26,1,0,14.4542,C,0
75,3,male,32,0,0,56.4958,S,1
76,3,male,25,0,0,7.65,S,0
77,3,male,,0,0,7.8958,S,0
78,3,male,,0,0,8.05,S,0
79,2,male,0.83,0,2,29,S,1
80,3,female,30,0,0,12.475,S,1
81,3,male,22,0,0,9,S,0
82,3,male,29,0,0,9.5,S,1
83,3,female,,0,0,7.7875,Q,1
84,1,male,28,0,0,47.1,S,0
85,2,female,17,0,0,10.5,S,1
86,3,female,33,3,0,15.85,S,1
87,3,male,16,1,3,34.375,S,0
88,3,male,,0,0,8.05,S,0
89,1,female,23,3,2,263,S,1
90,3,male,24,0,0,8.05,S,0
91,3,male,29,0,0,8.05,S,0
92,3,male,20,0,0,7.8542,S,0
93,1,male,46,1,0,61.175,S,0
94,3,male,26,1,2,20.575,S,0
95,3,male,59,0,0,7.25,S,0
96,3,male,,0,0,8.05,S,0
97,1,male,71,0,0,34.6542,C,0
98,1,male,23,0,1,63.3583,C,1
99,2,female,34,0,1,23,S,1
100,2,male,34,1,0,26,S,0
101,3,female,28,0,0,7.8958,S,0
102,3,male,,0,0,7.8958,S,0
103,1,male,21,0,1,77.2875,S,0
104,3,male,33,0,0,8.6542,S,0
105,3,male,37,2,0,7.925,S,0
106,3,male,28,0,0,7.8958,S,0
107,3,female,21,0,0,7.65,S,1
108,3,male,,0,0,7.775,S,1
109,3,male,38,0,0,7.8958,S,0
110,3,female,,1,0,24.15,Q,1
111,1,male,47,0,0,52,S,0
112,3,female,14.5,1,0,14.4542,C,0
113,3,male,22,0,0,8.05,S,0
114,3,female,20,1,0,9.825,S,0
115,3,female,17,0,0,14.4583,C,0
116,3,male,21,0,0,7.925,S,0
117,3,male,70.5,0,0,7.75,Q,0
118,2,male,29,1,0,21,S,0
119,1,male,24,0,1,247.5208,C,0
120,3,female,2,4,2,31.275,S,0
121,2,male,21,2,0,73.5,S,0
122,3,male,,0,0,8.05,S,0
123,2,male,32.5,1,0,30.0708,C,0
124,2,female,32.5,0,0,13,S,1
125,1,male,54,0,1,77.2875,S,0
126,3,male,12,1,0,11.2417,C,1
127,3,male,,0,0,7.75,Q,0
128,3,male,24,0,0,7.1417,S,1
129,3,female,,1,1,22.3583,C,1
130,3,male,45,0,0,6.975,S,0
131,3,male,33,0,0,7.8958,C,0
132,3,male,20,0,0,7.05,S,0
133,3,female,47,1,0,14.5,S,0
134,2,female,29,1,0,26,S,1
135,2,male,25,0,0,13,S,0
136,2,male,23,0,0,15.0458,C,0
137,1,female,19,0,2,26.2833,S,1
138,1,male,37,1,0,53.1,S,0
139,3,male,16,0,0,9.2167,S,0
140,1,male,24,0,0,79.2,C,0
141,3,female,,0,2,15.2458,C,0
142,3,female,22,0,0,7.75,S,1
143,3,female,24,1,0,15.85,S,1
144,3,male,19,0,0,6.75,Q,0
145,2,male,18,0,0,11.5,S,0
146,2,male,19,1,1,36.75,S,0
147,3,male,27,0,0,7.7958,S,1
148,3,female,9,2,2,34.375,S,0
149,2,male,36.5,0,2,26,S,0
150,2,male,42,0,0,13,S,0
151,2,male,51,0,0,12.525,S,0
152,1,female,22,1,0,66.6,S,1
153,3,male,55.5,0,0,8.05,S,0
154,3,male,40.5,0,2,14.5,S,0
155,3,male,,0,0,7.3125,S,0
156,1,male,51,0,1,61.3792,C,0
157,3,female,16,0,0,7.7333,Q,1
158,3,male,30,0,0,8.05,S,0
159,3,male,,0,0,8.6625,S,0
160,3,male,,8,2,69.55,S,0
161,3,male,44,0,1,16.1,S,0
162,2,female,40,0,0,15.75,S,1
163,3,male,26,0,0,7.775,S,0
164,3,male,17,0,0,8.6625,S,0
165,3,male,1,4,1,39.6875,S,0
166,3,male,9,0,2,20.525,S,1
167,1,female,,0,1,55,S,1
168,3,female,45,1,4,27.9,S,0
169,1,male,,0,0,25.925,S,0
170,3,male,28,0,0,56.4958,S,0
171,1,male,61,0,0,33.5,S,0
172,3,male,4,4,1,29.125,Q,0
173,3,female,1,1,1,11.1333,S,1
174,3,male,21,0,0,7.925,S,0
175,1,male,56,0,0,30.6958,C,0
176,3,male,18,1,1,7.8542,S,0
177,3,male,,3,1,25.4667,S,0
178,1,female,50,0,0,28.7125,C,0
179,2,male,30,0,0,13,S,0
180,3,male,36,0,0,0,S,0
181,3,female,,8,2,69.55,S,0
182,2,male,,0,0,15.05,C,0
183,3,male,9,4,2,31.3875,S,0
184,2,male,1,2,1,39,S,1
185,3,female,4,0,2,22.025,S,1
186,1,male,,0,0,50,S,0
187,3,female,,1,0,15.5,Q,1
188,1,male,45,0,0,26.55,S,1
189,3,male,40,1,1,15.5,Q,0
190,3,male,36,0,0,7.8958,S,0
191,2,female,32,0,0,13,S,1
192,2,male,19,0,0,13,S,0
193,3,female,19,1,0,7.8542,S,1
194,2,male,3,1,1,26,S,1
195,1,female,44,0,0,27.7208,C,1
196,1,female,58,0,0,146.5208,C,1
197,3,male,,0,0,7.75,Q,0
198,3,male,42,0,1,8.4042,S,0
199,3,female,,0,0,7.75,Q,1
200,2,female,24,0,0,13,S,0
201,3,male,28,0,0,9.5,S,0
202,3,male,,8,2,69.55,S,0
203,3,male,34,0,0,6.4958,S,0
204,3,male,45.5,0,0,7.225,C,0
205,3,male,18,0,0,8.05,S,1
206,3,female,2,0,1,10.4625,S,0
207,3,male,32,1,0,15.85,S,0
208,3,male,26,0,0,18.7875,C,1
209,3,female,16,0,0,7.75,Q,1
210,1,male,40,0,0,31,C,1
211,3,male,24,0,0,7.05,S,0
212,2,female,35,0,0,21,S,1
213,3,male,22,0,0,7.25,S,0
214,2,male,30,0,0,13,S,0
215,3,male,,1,0,7.75,Q,0
216,1,female,31,1,0,113.275,C,1
217,3,female,27,0,0,7.925,S,1
218,2,male,42,1,0,27,S,0
219,1,female,32,0,0,76.2917,C,1
220,2,male,30,0,0,10.5,S,0
221,3,male,16,0,0,8.05,S,1
222,2,male,27,0,0,13,S,0
223,3,male,51,0,0,8.05,S,0
224,3,male,,0,0,7.8958,S,0
225,1,male,38,1,0,90,S,1
226,3,male,22,0,0,9.35,S,0
227,2,male,19,0,0,10.5,S,1
228,3,male,20.5,0,0,7.25,S,0
229,2,male,18,0,0,13,S,0
230,3,female,,3,1,25.4667,S,0
231,1,female,35,1,0,83.475,S,1
232,3,male,29,0,0,7.775,S,0
233,2,male,59,0,0,13.5,S,0
234,3,female,5,4,2,31.3875,S,1
235,2,male,24,0,0,10.5,S,0
236,3,female,,0,0,7.55,S,0
237,2,male,44,1,0,26,S,0
238,2,female,8,0,2,26.25,S,1
239,2,male,19,0,0,10.5,S,0
240,2,male,33,0,0,12.275,S,0
241,3,female,,1,0,14.4542,C,0
242,3,female,,1,0,15.5,Q,1
243,2,male,29,0,0,10.5,S,0
244,3,male,22,0,0,7.125,S,0
245,3,male,30,0,0,7.225,C,0
246,1,male,44,2,0,90,Q,0
247,3,female,25,0,0,7.775,S,0
248,2,female,24,0,2,14.5,S,1
249,1,male,37,1,1,52.5542,S,1
250,2,male,54,1,0,26,S,0
251,3,male,,0,0,7.25,S,0
252,3,female,29,1,1,10.4625,S,0
253,1,male,62,0,0,26.55,S,0
254,3,male,30,1,0,16.1,S,0
255,3,female,41,0,2,20.2125,S,0
256,3,female,29,0,2,15.2458,C,1
257,1,female,,0,0,79.2,C,1
258,1,female,30,0,0,86.5,S,1
259,1,female,35,0,0,512.3292,C,1
260,2,female,50,0,1,26,S,1
261,3,male,,0,0,7.75,Q,0
262,3,male,3,4,2,31.3875,S,1
263,1,male,52,1,1,79.65,S,0
264,1,male,40,0,0,0,S,0
265,3,female,,0,0,7.75,Q,0
266,2,male,36,0,0,10.5,S,0
267,3,male,16,4,1,39.6875,S,0
268,3,male,25,1,0,7.775,S,1
269,1,female,58,0,1,153.4625,S,1
270,1,female,35,0,0,135.6333,S,1
271,1,male,,0,0,31,S,0
272,3,male,25,0,0,0,S,1
273,2,female,41,0,1,19.5,S,1
274,1,male,37,0,1,29.7,C,0
275,3,female,,0,0,7.75,Q,1
276,1,female,63,1,0,77.9583,S,1
277,3,female,45,0,0,7.75,S,0
278,2,male,,0,0,0,S,0
279,3,male,7,4,1,29.125,Q,0
280,3,female,35,1,1,20.25,S,1
281,3,male,65,0,0,7.75,Q,0
282,3,male,28,0,0,7.8542,S,0
283,3,male,16,0,0,9.5,S,0
284,3,male,19,0,0,8.05,S,1
285,1,male,,0,0,26,S,0
286,3,male,33,0,0,8.6625,C,0
287,3,male,30,0,0,9.5,S,1
288,3,male,22,0,0,7.8958,S,0
289,2,male,42,0,0,13,S,1
290,3,female,22,0,0,7.75,Q,1
291,1,female,26,0,0,78.85,S,1
292,1,female,19,1,0,91.0792,C,1
293,2,male,36,0,0,12.875,C,0
294,3,female,24,0,0,8.85,S,0
295,3,male,24,0,0,7.8958,S,0
296,1,male,,0,0,27.7208,C,0
297,3,male,23.5,0,0,7.2292,C,0
298,1,female,2,1,2,151.55,S,0
299,1,male,,0,0,30.5,S,1
300,1,female,50,0,1,247.5208,C,1
301,3,female,,0,0,7.75,Q,1
302,3,male,,2,0,23.25,Q,1
303,3,male,19,0,0,0,S,0
304,2,female,,0,0,12.35,Q,1
305,3,male,,0,0,8.05,S,0
306,1,male,0.92,1,2,151.55,S,1
307,1,female,,0,0,110.8833,C,1
308,1,female,17,1,0,108.9,C,1
309,2,male,30,1,0,24,C,0
310,1,female,30,0,0,56.9292,C,1
311,1,female,24,0,0,83.1583,C,1
312,1,female,18,2,2,262.375,C,1
313,2,female,26,1,1,26,S,0
314,3,male,28,0,0,7.8958,S,0
315,2,male,43,1,1,26.25,S,0
316,3,female,26,0,0,7.8542,S,1
317,2,female,24,1,0,26,S,1
318,2,male,54,0,0,14,S,0
319,1,female,31,0,2,164.8667,S,1
320,1,female,40,1,1,134.5,C,1
321,3,male,22,0,0,7.25,S,0
322,3,male,27,0,0,7.8958,S,0
323,2,female,30,0,0,12.35,Q,1
324,2,female,22,1,1,29,S,1
325,3,male,,8,2,69.55,S,0
326,1,female,36,0,0,135.6333,C,1
327,3,male,61,0,0,6.2375,S,0
328,2,female,36,0,0,13,S,1
329,3,female,31,1,1,20.525,S,1
330,1,female,16,0,1,57.9792,C,1
331,3,female,,2,0,23.25,Q,1
332,1,male,45.5,0,0,28.5,S,0
333,1,male,38,0,1,153.4625,S,0
334,3,male,16,2,0,18,S,0
335,1,female,,1,0,133.65,S,1
336,3,male,,0,0,7.8958,S,0
337,1,male,29,1,0,66.6,S,0
338,1,female,41,0,0,134.5,C,1
339,3,male,45,0,0,8.05,S,1
340,1,male,45,0,0,35.5,S,0
341,2,male,2,1,1,26,S,1
342,1,female,24,3,2,263,S,1
343,2,male,28,0,0,13,S,0
344,2,male,25,0,0,13,S,0
345,2,male,36,0,0,13,S,0
346,2,female,24,0,0,13,S,1
347,2,female,40,0,0,13,S,1
348,3,female,,1,0,16.1,S,1
349,3,male,3,1,1,15.9,S,1
350,3,male,42,0,0,8.6625,S,0
351,3,male,23,0,0,9.225,S,0
352,1,male,,0,0,35,S,0
353,3,male,15,1,1,7.2292,C,0
354,3,male,25,1,0,17.8,S,0
355,3,male,,0,0,7.225,C,0
356,3,male,28,0,0,9.5,S,0
357,1,female,22,0,1,55,S,1
358,2,female,38,0,0,13,S,0
359,3,female,,0,0,7.8792,Q,1
360,3,female,,0,0,7.8792,Q,1
361,3,male,40,1,4,27.9,S,0
362,2,male,29,1,0,27.7208,C,0
363,3,female,45,0,1,14.4542,C,0
364,3,male,35,0,0,7.05,S,0
365,3,male,,1,0,15.5,Q,0
366,3,male,30,0,0,7.25,S,0
367,1,female,60,1,0,75.25,C,1
368,3,female,,0,0,7.2292,C,1
369,3,female,,0,0,7.75,Q,1
370,1,female,24,0,0,69.3,C,1
371,1,male,25,1,0,55.4417,C,1
372,3,male,18,1,0,6.4958,S,0
373,3,male,19,0,0,8.05,S,0
374,1,male,22,0,0,135.6333,C,0
375,3,female,3,3,1,21.075,S,0
376,1,female,,1,0,82.1708,C,1
377,3,female,22,0,0,7.25,S,1
378,1,male,27,0,2,211.5,C,0
379,3,male,20,0,0,4.0125,C,0
380,3,male,19,0,0,7.775,S,0
381,1,female,42,0,0,227.525,C,1
382,3,female,1,0,2,15.7417,C,1
383,3,male,32,0,0,7.925,S,0
384,1,female,35,1,0,52,S,1
385,3,male,,0,0,7.8958,S,0
386,2,male,18,0,0,73.5,S,0
387,3,male,1,5,2,46.9,S,0
388,2,female,36,0,0,13,S,1
389,3,male,,0,0,7.7292,Q,0
390,2,female,17,0,0,12,C,1
391,1,male,36,1,2,120,S,1
392,3,male,21,0,0,7.7958,S,1
393,3,male,28,2,0,7.925,S,0
394,1,female,23,1,0,113.275,C,1
395,3,female,24,0,2,16.7,S,1
396,3,male,22,0,0,7.7958,S,0
397,3,female,31,0,0,7.8542,S,0
398,2,male,46,0,0,26,S,0
399,2,male,23,0,0,10.5,S,0
400,2,female,28,0,0,12.65,S,1
401,3,male,39,0,0,7.925,S,1
402,3,male,26,0,0,8.05,S,0
403,3,female,21,1,0,9.825,S,0
404,3,male,28,1,0,15.85,S,0
405,3,female,20,0,0,8.6625,S,0
406,2,male,34,1,0,21,S,0
407,3,male,51,0,0,7.75,S,0
408,2,male,3,1,1,18.75,S,1
409,3,male,21,0,0,7.775,S,0
410,3,female,,3,1,25.4667,S,0
411,3,male,,0,0,7.8958,S,0
412,3,male,,0,0,6.8583,Q,0
413,1,female,33,1,0,90,Q,1
414,2,male,,0,0,0,S,0
415,3,male,44,0,0,7.925,S,1
416,3,female,,0,0,8.05,S,0
417,2,female,34,1,1,32.5,S,1
418,2,female,18,0,2,13,S,1
419,2,male,30,0,0,13,S,0
420,3,female,10,0,2,24.15,S,0
421,3,male,,0,0,7.8958,C,0
422,3,male,21,0,0,7.7333,Q,0
423,3,male,29,0,0,7.875,S,0
424,3,female,28,1,1,14.4,S,0
425,3,male,18,1,1,20.2125,S,0
426,3,male,,0,0,7.25,S,0
427,2,female,28,1,0,26,S,1
428,2,female,19,0,0,26,S,1
429,3,male,,0,0,7.75,Q,0
430,3,male,32,0,0,8.05,S,1
431,1,male,28,0,0,26.55,S,1
432,3,female,,1,0,16.1,S,1
433,2,female,42,1,0,26,S,1
434,3,male,17,0,0,7.125,S,0
435,1,male,50,1,0,55.9,S,0
436,1,female,14,1,2,120,S,1
437,3,female,21,2,2,34.375,S,0
438,2,female,24,2,3,18.75,S,1
439,1,male,64,1,4,263,S,0
440,2,male,31,0,0,10.5,S,0
441,2,female,45,1,1,26.25,S,1
442,3,male,20,0,0,9.5,S,0
443,3,male,25,1,0,7.775,S,0
444,2,female,28,0,0,13,S,1
445,3,male,,0,0,8.1125,S,1
446,1,male,4,0,2,81.8583,S,1
447,2,female,13,0,1,19.5,S,1
448,1,male,34,0,0,26.55,S,1
449,3,female,5,2,1,19.2583,C,1
450,1,male,52,0,0,30.5,S,1
451,2,male,36,1,2,27.75,S,0
452,3,male,,1,0,19.9667,S,0
453,1,male,30,0,0,27.75,C,0
454,1,male,49,1,0,89.1042,C,1
455,3,male,,0,0,8.05,S,0
456,3,male,29,0,0,7.8958,C,1
457,1,male,65,0,0,26.55,S,0
458,1,female,,1,0,51.8625,S,1
459,2,female,50,0,0,10.5,S,1
460,3,male,,0,0,7.75,Q,0
461,1,male,48,0,0,26.55,S,1
462,3,male,34,0,0,8.05,S,0
463,1,male,47,0,0,38.5,S,0
464,2,male,48,0,0,13,S,0
465,3,male,,0,0,8.05,S,0
466,3,male,38,0,0,7.05,S,0
467,2,male,,0,0,0,S,0
468,1,male,56,0,0,26.55,S,0
469,3,male,,0,0,7.725,Q,0
470,3,female,0.75,2,1,19.2583,C,1
471,3,male,,0,0,7.25,S,0
472,3,male,38,0,0,8.6625,S,0
473,2,female,33,1,2,27.75,S,1
474,2,female,23,0,0,13.7917,C,1
475,3,female,22,0,0,9.8375,S,0
476,1,male,,0,0,52,S,0
477,2,male,34,1,0,21,S,0
478,3,male,29,1,0,7.0458,S,0
479,3,male,22,0,0,7.5208,S,0
480,3,female,2,0,1,12.2875,S,1
481,3,male,9,5,2,46.9,S,0
482,2,male,,0,0,0,S,0
483,3,male,50,0,0,8.05,S,0
484,3,female,63,0,0,9.5875,S,1
485,1,male,25,1,0,91.0792,C,1
486,3,female,,3,1,25.4667,S,0
487,1,female,35,1,0,90,S,1
488,1,male,58,0,0,29.7,C,0
489,3,male,30,0,0,8.05,S,0
490,3,male,9,1,1,15.9,S,1
491,3,male,,1,0,19.9667,S,0
492,3,male,21,0,0,7.25,S,0
493,1,male,55,0,0,30.5,S,0
494,1,male,71,0,0,49.5042,C,0
495,3,male,21,0,0,8.05,S,0
496,3,male,,0,0,14.4583,C,0
497,1,female,54,1,0,78.2667,C,1
498,3,male,,0,0,15.1,S,0
499,1,female,25,1,2,151.55,S,0
500,3,male,24,0,0,7.7958,S,0
501,3,male,17,0,0,8.6625,S,0
502,3,female,21,0,0,7.75,Q,0
503,3,female,,0,0,7.6292,Q,0
504,3,female,37,0,0,9.5875,S,0
505,1,female,16,0,0,86.5,S,1
506,1,male,18,1,0,108.9,C,0
507,2,female,33,0,2,26,S,1
508,1,male,,0,0,26.55,S,1
509,3,male,28,0,0,22.525,S,0
510,3,male,26,0,0,56.4958,S,1
511,3,male,29,0,0,7.75,Q,1
512,3,male,,0,0,8.05,S,0
513,1,male,36,0,0,26.2875,S,1
514,1,female,54,1,0,59.4,C,1
515,3,male,24,0,0,7.4958,S,0
516,1,male,47,0,0,34.0208,S,0
517,2,female,34,0,0,10.5,S,1
518,3,male,,0,0,24.15,Q,0
519,2,female,36,1,0,26,S,1
520,3,male,32,0,0,7.8958,S,0
521,1,female,30,0,0,93.5,S,1
522,3,male,22,0,0,7.8958,S,0
523,3,male,,0,0,7.225,C,0
524,1,female,44,0,1,57.9792,C,1
525,3,male,,0,0,7.2292,C,0
526,3,male,40.5,0,0,7.75,Q,0
527,2,female,50,0,0,10.5,S,1
528,1,male,,0,0,221.7792,S,0
529,3,male,39,0,0,7.925,S,0
530,2,male,23,2,1,11.5,S,0
531,2,female,2,1,1,26,S,1
532,3,male,,0,0,7.2292,C,0
533,3,male,17,1,1,7.2292,C,0
534,3,female,,0,2,22.3583,C,1
535,3,female,30,0,0,8.6625,S,0
536,2,female,7,0,2,26.25,S,1
537,1,male,45,0,0,26.55,S,0
538,1,female,30,0,0,106.425,C,1
539,3,male,,0,0,14.5,S,0
540,1,female,22,0,2,49.5,C,1
541,1,female,36,0,2,71,S,1
542,3,female,9,4,2,31.275,S,0
543,3,female,11,4,2,31.275,S,0
544,2,male,32,1,0,26,S,1
545,1,male,50,1,0,106.425,C,0
546,1,male,64,0,0,26,S,0
547,2,female,19,1,0,26,S,1
548,2,male,,0,0,13.8625,C,1
549,3,male,33,1,1,20.525,S,0
550,2,male,8,1,1,36.75,S,1
551,1,male,17,0,2,110.8833,C,1
552,2,male,27,0,0,26,S,0
553,3,male,,0,0,7.8292,Q,0
554,3,male,22,0,0,7.225,C,1
555,3,female,22,0,0,7.775,S,1
556,1,male,62,0,0,26.55,S,0
557,1,female,48,1,0,39.6,C,1
558,1,male,,0,0,227.525,C,0
559,1,female,39,1,1,79.65,S,1
560,3,female,36,1,0,17.4,S,1
561,3,male,,0,0,7.75,Q,0
562,3,male,40,0,0,7.8958,S,0
563,2,male,28,0,0,13.5,S,0
564,3,male,,0,0,8.05,S,0
565,3,female,,0,0,8.05,S,0
566,3,male,24,2,0,24.15,S,0
567,3,male,19,0,0,7.8958,S,0
568,3,female,29,0,4,21.075,S,0
569,3,male,,0,0,7.2292,C,0
570,3,male,32,0,0,7.8542,S,1
571,2,male,62,0,0,10.5,S,1
572,1,female,53,2,0,51.4792,S,1
573,1,male,36,0,0,26.3875,S,1
574,3,female,,0,0,7.75,Q,1
575,3,male,16,0,0,8.05,S,0
576,3,male,19,0,0,14.5,S,0
577,2,female,34,0,0,13,S,1
578,1,female,39,1,0,55.9,S,1
579,3,female,,1,0,14.4583,C,0
580,3,male,32,0,0,7.925,S,1
581,2,female,25,1,1,30,S,1
582,1,female,39,1,1,110.8833,C,1
583,2,male,54,0,0,26,S,0
584,1,male,36,0,0,40.125,C,0
585,3,male,,0,0,8.7125,C,0
586,1,female,18,0,2,79.65,S,1
587,2,male,47,0,0,15,S,0
588,1,male,60,1,1,79.2,C,1
589,3,male,22,0,0,8.05,S,0
590,3,male,,0,0,8.05,S,0
591,3,male,35,0,0,7.125,S,0
592,1,female,52,1,0,78.2667,C,1
593,3,male,47,0,0,7.25,S,0
594,3,female,,0,2,7.75,Q,0
595,2,male,37,1,0,26,S,0
596,3,male,36,1,1,24.15,S,0
597,2,female,,0,0,33,S,1
598,3,male,49,0,0,0,S,0
599,3,male,,0,0,7.225,C,0
600,1,male,49,1,0,56.9292,C,1
601,2,female,24,2,1,27,S,1
602,3,male,,0,0,7.8958,S,0
603,1,male,,0,0,42.4,S,0
604,3,male,44,0,0,8.05,S,0
605,1,male,35,0,0,26.55,C,1
606,3,male,36,1,0,15.55,S,0
607,3,male,30,0,0,7.8958,S,0
608,1,male,27,0,0,30.5,S,1
609,2,female,22,1,2,41.5792,C,1
610,1,female,40,0,0,153.4625,S,1
611,3,female,39,1,5,31.275,S,0
612,3,male,,0,0,7.05,S,0
613,3,female,,1,0,15.5,Q,1
614,3,male,,0,0,7.75,Q,0
615,3,male,35,0,0,8.05,S,0
616,2,female,24,1,2,65,S,1
617,3,male,34,1,1,14.4,S,0
618,3,female,26,1,0,16.1,S,0
619,2,female,4,2,1,39,S,1
620,2,male,26,0,0,10.5,S,0
621,3,male,27,1,0,14.4542,C,0
622,1,male,42,1,0,52.5542,S,1
623,3,male,20,1,1,15.7417,C,1
624,3,male,21,0,0,7.8542,S,0
625,3,male,21,0,0,16.1,S,0
626,1,male,61,0,0,32.3208,S,0
627,2,male,57,0,0,12.35,Q,0
628,1,female,21,0,0,77.9583,S,1
629,3,male,26,0,0,7.8958,S,0
630,3,male,,0,0,7.7333,Q,0
631,1,male,80,0,0,30,S,1
632,3,male,51,0,0,7.0542,S,0
633,1,male,32,0,0,30.5,C,1
634,1,male,,0,0,0,S,0
635,3,female,9,3,2,27.9,S,0
636,2,female,28,0,0,13,S,1
637,3,male,32,0,0,7.925,S,0
638,2,male,31,1,1,26.25,S,0
639,3,female,41,0,5,39.6875,S,0
640,3,male,,1,0,16.1,S,0
641,3,male,20,0,0,7.8542,S,0
642,1,female,24,0,0,69.3,C,1
643,3,female,2,3,2,27.9,S,0
644,3,male,,0,0,56.4958,S,1
645,3,female,0.75,2,1,19.2583,C,1
646,1,male,48,1,0,76.7292,C,1
647,3,male,19,0,0,7.8958,S,0
648,1,male,56,0,0,35.5,C,1
649,3,male,,0,0,7.55,S,0
650,3,female,23,0,0,7.55,S,1
651,3,male,,0,0,7.8958,S,0
652,2,female,18,0,1,23,S,1
653,3,male,21,0,0,8.4333,S,0
654,3,female,,0,0,7.8292,Q,1
655,3,female,18,0,0,6.75,Q,0
656,2,male,24,2,0,73.5,S,0
657,3,male,,0,0,7.8958,S,0
658,3,female,32,1,1,15.5,Q,0
659,2,male,23,0,0,13,S,0
660,1,male,58,0,2,113.275,C,0
661,1,male,50,2,0,133.65,S,1
662,3,male,40,0,0,7.225,C,0
663,1,male,47,0,0,25.5875,S,0
664,3,male,36,0,0,7.4958,S,0
665,3,male,20,1,0,7.925,S,1
666,2,male,32,2,0,73.5,S,0
667,2,male,25,0,0,13,S,0
668,3,male,,0,0,7.775,S,0
669,3,male,43,0,0,8.05,S,0
670,1,female,,1,0,52,S,1
671,2,female,40,1,1,39,S,1
672,1,male,31,1,0,52,S,0
673,2,male,70,0,0,10.5,S,0
674,2,male,31,0,0,13,S,1
675,2,male,,0,0,0,S,0
676,3,male,18,0,0,7.775,S,0
677,3,male,24.5,0,0,8.05,S,0
678,3,female,18,0,0,9.8417,S,1
679,3,female,43,1,6,46.9,S,0
680,1,male,36,0,1,512.3292,C,1
681,3,female,,0,0,8.1375,Q,0
682,1,male,27,0,0,76.7292,C,1
683,3,male,20,0,0,9.225,S,0
684,3,male,14,5,2,46.9,S,0
685,2,male,60,1,1,39,S,0
686,2,male,25,1,2,41.5792,C,0
687,3,male,14,4,1,39.6875,S,0
688,3,male,19,0,0,10.1708,S,0
689,3,male,18,0,0,7.7958,S,0
690,1,female,15,0,1,211.3375,S,1
691,1,male,31,1,0,57,S,1
692,3,female,4,0,1,13.4167,C,1
693,3,male,,0,0,56.4958,S,1
694,3,male,25,0,0,7.225,C,0
695,1,male,60,0,0,26.55,S,0
696,2,male,52,0,0,13.5,S,0
697,3,male,44,0,0,8.05,S,0
698,3,female,,0,0,7.7333,Q,1
699,1,male,49,1,1,110.8833,C,0
700,3,male,42,0,0,7.65,S,0
701,1,female,18,1,0,227.525,C,1
702,1,male,35,0,0,26.2875,S,1
703,3,female,18,0,1,14.4542,C,0
704,3,male,25,0,0,7.7417,Q,0
705,3,male,26,1,0,7.8542,S,0
706,2,male,39,0,0,26,S,0
707,2,female,45,0,0,13.5,S,1
708,1,male,42,0,0,26.2875,S,1
709,1,female,22,0,0,151.55,S,1
710,3,male,,1,1,15.2458,C,1
711,1,female,24,0,0,49.5042,C,1
712,1,male,,0,0,26.55,S,0
713,1,male,48,1,0,52,S,1
714,3,male,29,0,0,9.4833,S,0
715,2,male,52,0,0,13,S,0
716,3,male,19,0,0,7.65,S,0
717,1,female,38,0,0,227.525,C,1
718,2,female,27,0,0,10.5,S,1
719,3,male,,0,0,15.5,Q,0
720,3,male,33,0,0,7.775,S,0
721,2,female,6,0,1,33,S,1
722,3,male,17,1,0,7.0542,S,0
723,2,male,34,0,0,13,S,0
724,2,male,50,0,0,13,S,0
725,1,male,27,1,0,53.1,S,1
726,3,male,20,0,0,8.6625,S,0
727,2,female,30,3,0,21,S,1
728,3,female,,0,0,7.7375,Q,1
729,2,male,25,1,0,26,S,0
730,3,female,25,1,0,7.925,S,0
731,1,female,29,0,0,211.3375,S,1
732,3,male,11,0,0,18.7875,C,0
733,2,male,,0,0,0,S,0
734,2,male,23,0,0,13,S,0
735,2,male,23,0,0,13,S,0
736,3,male,28.5,0,0,16.1,S,0
737,3,female,48,1,3,34.375,S,0
738,1,male,35,0,0,512.3292,C,1
739,3,male,,0,0,7.8958,S,0
740,3,male,,0,0,7.8958,S,0
741,1,male,,0,0,30,S,1
742,1,male,36,1,0,78.85,S,0
743,1,female,21,2,2,262.375,C,1
744,3,male,24,1,0,16.1,S,0
745,3,male,31,0,0,7.925,S,1
746,1,male,70,1,1,71,S,0
747,3,male,16,1,1,20.25,S,0
748,2,female,30,0,0,13,S,1
749,1,male,19,1,0,53.1,S,0
750,3,male,31,0,0,7.75,Q,0
751,2,female,4,1,1,23,S,1
752,3,male,6,0,1,12.475,S,1
753,3,male,33,0,0,9.5,S,0
754,3,male,23,0,0,7.8958,S,0
755,2,female,48,1,2,65,S,1
756,2,male,0.67,1,1,14.5,S,1
757,3,male,28,0,0,7.7958,S,0
758,2,male,18,0,0,11.5,S,0
759,3,male,34,0,0,8.05,S,0
760,1,female,33,0,0,86.5,S,1
761,3,male,,0,0,14.5,S,0
762,3,male,41,0,0,7.125,S,0
763,3,male,20,0,0,7.2292,C,1
764,1,female,36,1,2,120,S,1
765,3,male,16,0,0,7.775,S,0
766,1,female,51,1,0,77.9583,S,1
767,1,male,,0,0,39.6,C,0
768,3,female,30.5,0,0,7.75,Q,0
769,3,male,,1,0,24.15,Q,0
770,3,male,32,0,0,8.3625,S,0
771,3,male,24,0,0,9.5,S,0
772,3,male,48,0,0,7.8542,S,0
773,2,female,57,0,0,10.5,S,0
774,3,male,,0,0,7.225,C,0
775,2,female,54,1,3,23,S,1
776,3,male,18,0,0,7.75,S,0
777,3,male,,0,0,7.75,Q,0
778,3,female,5,0,0,12.475,S,1
779,3,male,,0,0,7.7375,Q,0
780,1,female,43,0,1,211.3375,S,1
781,3,female,13,0,0,7.2292,C,1
782,1,female,17,1,0,57,S,1
783,1,male,29,0,0,30,S,0
784,3,male,,1,2,23.45,S,0
785,3,male,25,0,0,7.05,S,0
786,3,male,25,0,0,7.25,S,0
787,3,female,18,0,0,7.4958,S,1
788,3,male,8,4,1,29.125,Q,0
789,3,male,1,1,2,20.575,S,1
790,1,male,46,0,0,79.2,C,0
791,3,male,,0,0,7.75,Q,0
792,2,male,16,0,0,26,S,0
793,3,female,,8,2,69.55,S,0
794,1,male,,0,0,30.6958,C,0
795,3,male,25,0,0,7.8958,S,0
796,2,male,39,0,0,13,S,0
797,1,female,49,0,0,25.9292,S,1
798,3,female,31,0,0,8.6833,S,1
799,3,male,30,0,0,7.2292,C,0
800,3,female,30,1,1,24.15,S,0
801,2,male,34,0,0,13,S,0
802,2,female,31,1,1,26.25,S,1
803,1,male,11,1,2,120,S,1
804,3,male,0.42,0,1,8.5167,C,1
805,3,male,27,0,0,6.975,S,1
806,3,male,31,0,0,7.775,S,0
807,1,male,39,0,0,0,S,0
808,3,female,18,0,0,7.775,S,0
809,2,male,39,0,0,13,S,0
810,1,female,33,1,0,53.1,S,1
811,3,male,26,0,0,7.8875,S,0
812,3,male,39,0,0,24.15,S,0
813,2,male,35,0,0,10.5,S,0
814,3,female,6,4,2,31.275,S,0
815,3,male,30.5,0,0,8.05,S,0
816,1,male,,0,0,0,S,0
817,3,female,23,0,0,7.925,S,0
818,2,male,31,1,1,37.0042,C,0
819,3,male,43,0,0,6.45,S,0
820,3,male,10,3,2,27.9,S,0
821,1,female,52,1,1,93.5,S,1
822,3,male,27,0,0,8.6625,S,1
823,1,male,38,0,0,0,S,0
824,3,female,27,0,1,12.475,S,1
825,3,male,2,4,1,39.6875,S,0
826,3,male,,0,0,6.95,Q,0
827,3,male,,0,0,56.4958,S,0
828,2,male,1,0,2,37.0042,C,1
829,3,male,,0,0,7.75,Q,1
830,1,female,62,0,0,80,,1
831,3,female,15,1,0,14.4542,C,1
832,2,male,0.83,1,1,18.75,S,1
833,3,male,,0,0,7.2292,C,0
834,3,male,23,0,0,7.8542,S,0
835,3,male,18,0,0,8.3,S,0
836,1,female,39,1,1,83.1583,C,1
837,3,male,21,0,0,8.6625,S,0
838,3,male,,0,0,8.05,S,0
839,3,male,32,0,0,56.4958,S,1
840,1,male,,0,0,29.7,C,1
841,3,male,20,0,0,7.925,S,0
842,2,male,16,0,0,10.5,S,0
843,1,female,30,0,0,31,C,1
844,3,male,34.5,0,0,6.4375,C,0
845,3,male,17,0,0,8.6625,S,0
846,3,male,42,0,0,7.55,S,0
847,3,male,,8,2,69.55,S,0
848,3,male,35,0,0,7.8958,C,0
849,2,male,28,0,1,33,S,0
850,1,female,,1,0,89.1042,C,1
851,3,male,4,4,2,31.275,S,0
852,3,male,74,0,0,7.775,S,0
853,3,female,9,1,1,15.2458,C,0
854,1,female,16,0,1,39.4,S,1
855,2,female,44,1,0,26,S,0
856,3,female,18,0,1,9.35,S,1
857,1,female,45,1,1,164.8667,S,1
858,1,male,51,0,0,26.55,S,1
859,3,female,24,0,3,19.2583,C,1
860,3,male,,0,0,7.2292,C,0
861,3,male,41,2,0,14.1083,S,0
862,2,male,21,1,0,11.5,S,0
863,1,female,48,0,0,25.9292,S,1
864,3,female,,8,2,69.55,S,0
865,2,male,24,0,0,13,S,0
866,2,female,42,0,0,13,S,1
867,2,female,27,1,0,13.8583,C,1
868,1,male,31,0,0,50.4958,S,0
869,3,male,,0,0,9.5,S,0
870,3,male,4,1,1,11.1333,S,1
871,3,male,26,0,0,7.8958,S,0
872,1,female,47,1,1,52.5542,S,1
873,1,male,33,0,0,5,S,0
874,3,male,47,0,0,9,S,0
875,2,female,28,1,0,24,C,1
876,3,female,15,0,0,7.225,C,1
877,3,male,20,0,0,9.8458,S,0
878,3,male,19,0,0,7.8958,S,0
879,3,male,,0,0,7.8958,S,0
880,1,female,56,0,1,83.1583,C,1
881,2,female,25,0,1,26,S,1
882,3,male,33,0,0,7.8958,S,0
883,3,female,22,0,0,10.5167,S,0
884,2,male,28,0,0,10.5,S,0
885,3,male,25,0,0,7.05,S,0
886,3,female,39,0,5,29.125,Q,0
887,2,male,27,0,0,13,S,0
888,1,female,19,0,0,30,S,1
889,3,female,,1,2,23.45,S,0
890,1,male,26,0,0,30,C,1
891,3,male,32,0,0,7.75,Q,0
892,3,male,34.5,0,0,7.8292,Q,0
893,3,female,47,1,0,7,S,1
894,2,male,62,0,0,9.6875,Q,0
895,3,male,27,0,0,8.6625,S,0
896,3,female,22,1,1,12.2875,S,1
897,3,male,14,0,0,9.225,S,0
898,3,female,30,0,0,7.6292,Q,1
899,2,male,26,1,1,29,S,0
900,3,female,18,0,0,7.2292,C,1
901,3,male,21,2,0,24.15,S,0
902,3,male,,0,0,7.8958,S,0
903,1,male,46,0,0,26,S,0
904,1,female,23,1,0,82.2667,S,1
905,2,male,63,1,0,26,S,0
906,1,female,47,1,0,61.175,S,1
907,2,female,24,1,0,27.7208,C,1
908,2,male,35,0,0,12.35,Q,0
909,3,male,21,0,0,7.225,C,0
910,3,female,27,1,0,7.925,S,1
911,3,female,45,0,0,7.225,C,1
912,1,male,55,1,0,59.4,C,0
913,3,male,9,0,1,3.1708,S,0
914,1,female,,0,0,31.6833,S,1
915,1,male,21,0,1,61.3792,C,0
916,1,female,48,1,3,262.375,C,1
917,3,male,50,1,0,14.5,S,0
918,1,female,22,0,1,61.9792,C,1
919,3,male,22.5,0,0,7.225,C,0
920,1,male,41,0,0,30.5,S,0
921,3,male,,2,0,21.6792,C,0
922,2,male,50,1,0,26,S,0
923,2,male,24,2,0,31.5,S,0
924,3,female,33,1,2,20.575,S,1
925,3,female,,1,2,23.45,S,1
926,1,male,30,1,0,57.75,C,0
927,3,male,18.5,0,0,7.2292,C,0
928,3,female,,0,0,8.05,S,1
929,3,female,21,0,0,8.6625,S,1
930,3,male,25,0,0,9.5,S,0
931,3,male,,0,0,56.4958,S,0
932,3,male,39,0,1,13.4167,C,0
933,1,male,,0,0,26.55,S,0
934,3,male,41,0,0,7.85,S,0
935,2,female,30,0,0,13,S,1
936,1,female,45,1,0,52.5542,S,1
937,3,male,25,0,0,7.925,S,0
938,1,male,45,0,0,29.7,C,0
939,3,male,,0,0,7.75,Q,0
940,1,female,60,0,0,76.2917,C,1
941,3,female,36,0,2,15.9,S,1
942,1,male,24,1,0,60,S,0
943,2,male,27,0,0,15.0333,C,0
944,2,female,20,2,1,23,S,1
945,1,female,28,3,2,263,S,1
946,2,male,,0,0,15.5792,C,0
947,3,male,10,4,1,29.125,Q,0
948,3,male,35,0,0,7.8958,S,0
949,3,male,25,0,0,7.65,S,0
950,3,male,,1,0,16.1,S,0
951,1,female,36,0,0,262.375,C,1
952,3,male,17,0,0,7.8958,S,0
953,2,male,32,0,0,13.5,S,0
954,3,male,18,0,0,7.75,S,0
955,3,female,22,0,0,7.725,Q,1
956,1,male,13,2,2,262.375,C,0
957,2,female,,0,0,21,S,1
958,3,female,18,0,0,7.8792,Q,1
959,1,male,47,0,0,42.4,S,0
960,1,male,31,0,0,28.5375,C,0
961,1,female,60,1,4,263,S,1
962,3,female,24,0,0,7.75,Q,1
963,3,male,21,0,0,7.8958,S,0
964,3,female,29,0,0,7.925,S,1
965,1,male,28.5,0,0,27.7208,C,0
966,1,female,35,0,0,211.5,C,1
967,1,male,32.5,0,0,211.5,C,0
968,3,male,,0,0,8.05,S,0
969,1,female,55,2,0,25.7,S,1
970,2,male,30,0,0,13,S,0
971,3,female,24,0,0,7.75,Q,1
972,3,male,6,1,1,15.2458,C,0
973,1,male,67,1,0,221.7792,S,0
974,1,male,49,0,0,26,S,0
975,3,male,,0,0,7.8958,S,0
976,2,male,,0,0,10.7083,Q,0
977,3,male,,1,0,14.4542,C,0
978,3,female,27,0,0,7.8792,Q,1
979,3,female,18,0,0,8.05,S,1
980,3,female,,0,0,7.75,Q,1
981,2,male,2,1,1,23,S,0
982,3,female,22,1,0,13.9,S,1
983,3,male,,0,0,7.775,S,0
984,1,female,27,1,2,52,S,1
985,3,male,,0,0,8.05,S,0
986,1,male,25,0,0,26,C,0
987,3,male,25,0,0,7.7958,S,0
988,1,female,76,1,0,78.85,S,1
989,3,male,29,0,0,7.925,S,0
990,3,female,20,0,0,7.8542,S,1
991,3,male,33,0,0,8.05,S,0
992,1,female,43,1,0,55.4417,C,1
993,2,male,27,1,0,26,S,0
994,3,male,,0,0,7.75,Q,0
995,3,male,26,0,0,7.775,S,0
996,3,female,16,1,1,8.5167,C,1
997,3,male,28,0,0,22.525,S,0
998,3,male,21,0,0,7.8208,Q,0
999,3,male,,0,0,7.75,Q,0
1000,3,male,,0,0,8.7125,S,0
1001,2,male,18.5,0,0,13,S,0
1002,2,male,41,0,0,15.0458,C,0
1003,3,female,,0,0,7.7792,Q,1
1004,1,female,36,0,0,31.6792,C,1
1005,3,female,18.5,0,0,7.2833,Q,1
1006,1,female,63,1,0,221.7792,S,1
1007,3,male,18,1,0,14.4542,C,0
1008,3,male,,0,0,6.4375,C,0
1009,3,female,1,1,1,16.7,S,1
1010,1,male,36,0,0,75.2417,C,0
1011,2,female,29,1,0,26,S,1
1012,2,female,12,0,0,15.75,S,1
1013,3,male,,1,0,7.75,Q,0
1014,1,female,35,1,0,57.75,C,1
1015,3,male,28,0,0,7.25,S,0
1016,3,male,,0,0,7.75,Q,0
1017,3,female,17,0,1,16.1,S,1
1018,3,male,22,0,0,7.7958,S,0
1019,3,female,,2,0,23.25,Q,1
1020,2,male,42,0,0,13,S,0
1021,3,male,24,0,0,8.05,S,0
1022,3,male,32,0,0,8.05,S,0
1023,1,male,53,0,0,28.5,C,0
1024,3,female,,0,4,25.4667,S,1
1025,3,male,,1,0,6.4375,C,0
1026,3,male,43,0,0,7.8958,S,0
1027,3,male,24,0,0,7.8542,S,0
1028,3,male,26.5,0,0,7.225,C,0
1029,2,male,26,0,0,13,S,0
1030,3,female,23,0,0,8.05,S,1
1031,3,male,40,1,6,46.9,S,0
1032,3,female,10,5,2,46.9,S,1
1033,1,female,33,0,0,151.55,S,1
1034,1,male,61,1,3,262.375,C,0
1035,2,male,28,0,0,26,S,0
1036,1,male,42,0,0,26.55,S,0
1037,3,male,31,3,0,18,S,0
1038,1,male,,0,0,51.8625,S,0
1039,3,male,22,0,0,8.05,S,0
1040,1,male,,0,0,26.55,S,0
1041,2,male,30,1,1,26,S,0
1042,1,female,23,0,1,83.1583,C,1
1043,3,male,,0,0,7.8958,C,0
1044,3,male,60.5,0,0,,S,0
1045,3,female,36,0,2,12.1833,S,1
1046,3,male,13,4,2,31.3875,S,0
1047,3,male,24,0,0,7.55,S,0
1048,1,female,29,0,0,221.7792,S,1
1049,3,female,23,0,0,7.8542,S,1
1050,1,male,42,0,0,26.55,S,0
1051,3,female,26,0,2,13.775,S,1
1052,3,female,,0,0,7.7333,Q,1
1053,3,male,7,1,1,15.2458,C,0
1054,2,female,26,0,0,13.5,S,1
1055,3,male,,0,0,7,S,0
1056,2,male,41,0,0,13,S,0
1057,3,female,26,1,1,22.025,S,1
1058,1,male,48,0,0,50.4958,C,0
1059,3,male,18,2,2,34.375,S,0
1060,1,female,,0,0,27.7208,C,1
1061,3,female,22,0,0,8.9625,S,1
1062,3,male,,0,0,7.55,S,0
1063,3,male,27,0,0,7.225,C,0
1064,3,male,23,1,0,13.9,S,0
1065,3,male,,0,0,7.2292,C,0
1066,3,male,40,1,5,31.3875,S,0
1067,2,female,15,0,2,39,S,1
1068,2,female,20,0,0,36.75,S,1
1069,1,male,54,1,0,55.4417,C,0
1070,2,female,36,0,3,39,S,1
1071,1,female,64,0,2,83.1583,C,1
1072,2,male,30,0,0,13,S,0
1073,1,male,37,1,1,83.1583,C,0
1074,1,female,18,1,0,53.1,S,1
1075,3,male,,0,0,7.75,Q,0
1076,1,female,27,1,1,247.5208,C,1
1077,2,male,40,0,0,16,S,0
1078,2,female,21,0,1,21,S,1
1079,3,male,17,2,0,8.05,S,0
1080,3,female,,8,2,69.55,S,1
1081,2,male,40,0,0,13,S,0
1082,2,male,34,1,0,26,S,0
1083,1,male,,0,0,26,S,0
1084,3,male,11.5,1,1,14.5,S,0
1085,2,male,61,0,0,12.35,Q,0
1086,2,male,8,0,2,32.5,S,0
1087,3,male,33,0,0,7.8542,S,0
1088,1,male,6,0,2,134.5,C,0
1089,3,female,18,0,0,7.775,S,1
1090,2,male,23,0,0,10.5,S,0
1091,3,female,,0,0,8.1125,S,1
1092,3,female,,0,0,15.5,Q,1
1093,3,male,0.33,0,2,14.4,S,0
1094,1,male,47,1,0,227.525,C,0
1095,2,female,8,1,1,26,S,1
1096,2,male,25,0,0,10.5,S,0
1097,1,male,,0,0,25.7417,C,0
1098,3,female,35,0,0,7.75,Q,1
1099,2,male,24,0,0,10.5,S,0
1100,1,female,33,0,0,27.7208,C,1
1101,3,male,25,0,0,7.8958,S,0
1102,3,male,32,0,0,22.525,S,0
1103,3,male,,0,0,7.05,S,0
1104,2,male,17,0,0,73.5,S,0
1105,2,female,60,1,0,26,S,1
1106,3,female,38,4,2,7.775,S,1
1107,1,male,42,0,0,42.5,S,0
1108,3,female,,0,0,7.8792,Q,1
1109,1,male,57,1,1,164.8667,S,0
1110,1,female,50,1,1,211.5,C,1
1111,3,male,,0,0,8.05,S,0
1112,2,female,30,1,0,13.8583,C,1
1113,3,male,21,0,0,8.05,S,0
1114,2,female,22,0,0,10.5,S,1
1115,3,male,21,0,0,7.7958,S,0
1116,1,female,53,0,0,27.4458,C,1
1117,3,female,,0,2,15.2458,C,1
1118,3,male,23,0,0,7.7958,S,0
1119,3,female,,0,0,7.75,Q,1
1120,3,male,40.5,0,0,15.1,S,0
1121,2,male,36,0,0,13,S,0
1122,2,male,14,0,0,65,S,0
1123,1,female,21,0,0,26.55,S,1
1124,3,male,21,1,0,6.4958,S,0
1125,3,male,,0,0,7.8792,Q,0
1126,1,male,39,1,0,71.2833,C,0
1127,3,male,20,0,0,7.8542,S,0
1128,1,male,64,1,0,75.25,C,0
1129,3,male,20,0,0,7.225,C,0
1130,2,female,18,1,1,13,S,1
1131,1,female,48,1,0,106.425,C,1
1132,1,female,55,0,0,27.7208,C,1
1133,2,female,45,0,2,30,S,1
1134,1,male,45,1,1,134.5,C,0
1135,3,male,,0,0,7.8875,S,0
1136,3,male,,1,2,23.45,S,0
1137,1,male,41,1,0,51.8625,S,0
1138,2,female,22,0,0,21,S,1
1139,2,male,42,1,1,32.5,S,0
1140,2,female,29,1,0,26,S,1
1141,3,female,,1,0,14.4542,C,1
1142,2,female,0.92,1,2,27.75,S,1
1143,3,male,20,0,0,7.925,S,0
1144,1,male,27,1,0,136.7792,C,0
1145,3,male,24,0,0,9.325,S,0
1146,3,male,32.5,0,0,9.5,S,0
1147,3,male,,0,0,7.55,S,0
1148,3,male,,0,0,7.75,Q,0
1149,3,male,28,0,0,8.05,S,0
1150,2,female,19,0,0,13,S,1
1151,3,male,21,0,0,7.775,S,0
1152,3,male,36.5,1,0,17.4,S,0
1153,3,male,21,0,0,7.8542,S,0
1154,2,female,29,0,2,23,S,1
1155,3,female,1,1,1,12.1833,S,1
1156,2,male,30,0,0,12.7375,C,0
1157,3,male,,0,0,7.8958,S,0
1158,1,male,,0,0,0,S,0
1159,3,male,,0,0,7.55,S,0
1160,3,female,,0,0,8.05,S,1
1161,3,male,17,0,0,8.6625,S,0
1162,1,male,46,0,0,75.2417,C,0
1163,3,male,,0,0,7.75,Q,0
1164,1,female,26,1,0,136.7792,C,1
1165,3,female,,1,0,15.5,Q,1
1166,3,male,,0,0,7.225,C,0
1167,2,female,20,1,0,26,S,1
1168,2,male,28,0,0,10.5,S,0
1169,2,male,40,1,0,26,S,0
1170,2,male,30,1,0,21,S,0
1171,2,male,22,0,0,10.5,S,0
1172,3,female,23,0,0,8.6625,S,1
1173,3,male,0.75,1,1,13.775,S,0
1174,3,female,,0,0,7.75,Q,1
1175,3,female,9,1,1,15.2458,C,1
1176,3,female,2,1,1,20.2125,S,1
1177,3,male,36,0,0,7.25,S,0
1178,3,male,,0,0,7.25,S,0
1179,1,male,24,1,0,82.2667,S,0
1180,3,male,,0,0,7.2292,C,0
1181,3,male,,0,0,8.05,S,0
1182,1,male,,0,0,39.6,S,0
1183,3,female,30,0,0,6.95,Q,1
1184,3,male,,0,0,7.2292,C,0
1185,1,male,53,1,1,81.8583,S,0
1186,3,male,36,0,0,9.5,S,0
1187,3,male,26,0,0,7.8958,S,0
1188,2,female,1,1,2,41.5792,C,1
1189,3,male,,2,0,21.6792,C,0
1190,1,male,30,0,0,45.5,S,0
1191,3,male,29,0,0,7.8542,S,0
1192,3,male,32,0,0,7.775,S,0
1193,2,male,,0,0,15.0458,C,0
1194,2,male,43,0,1,21,S,0
1195,3,male,24,0,0,8.6625,S,0
1196,3,female,,0,0,7.75,Q,1
1197,1,female,64,1,1,26.55,S,1
1198,1,male,30,1,2,151.55,S,0
1199,3,male,0.83,0,1,9.35,S,0
1200,1,male,55,1,1,93.5,S,0
1201,3,female,45,1,0,14.1083,S,1
1202,3,male,18,0,0,8.6625,S,0
1203,3,male,22,0,0,7.225,C,0
1204,3,male,,0,0,7.575,S,0
1205,3,female,37,0,0,7.75,Q,1
1206,1,female,55,0,0,135.6333,C,1
1207,3,female,17,0,0,7.7333,Q,1
1208,1,male,57,1,0,146.5208,C,0
1209,2,male,19,0,0,10.5,S,0
1210,3,male,27,0,0,7.8542,S,0
1211,2,male,22,2,0,31.5,S,0
1212,3,male,26,0,0,7.775,S,0
1213,3,male,25,0,0,7.2292,C,0
1214,2,male,26,0,0,13,S,0
1215,1,male,33,0,0,26.55,S,0
1216,1,female,39,0,0,211.3375,S,1
1217,3,male,23,0,0,7.05,S,0
1218,2,female,12,2,1,39,S,1
1219,1,male,46,0,0,79.2,C,0
1220,2,male,29,1,0,26,S,0
1221,2,male,21,0,0,13,S,0
1222,2,female,48,0,2,36.75,S,1
1223,1,male,39,0,0,29.7,C,0
1224,3,male,,0,0,7.225,C,0
1225,3,female,19,1,1,15.7417,C,1
1226,3,male,27,0,0,7.8958,S,0
1227,1,male,30,0,0,26,S,0
1228,2,male,32,0,0,13,S,0
1229,3,male,39,0,2,7.2292,C,0
1230,2,male,25,0,0,31.5,S,0
1231,3,male,,0,0,7.2292,C,0
1232,2,male,18,0,0,10.5,S,0
1233,3,male,32,0,0,7.5792,S,0
1234,3,male,,1,9,69.55,S,0
1235,1,female,58,0,1,512.3292,C,1
1236,3,male,,1,1,14.5,S,0
1237,3,female,16,0,0,7.65,S,1
1238,2,male,26,0,0,13,S,0
1239,3,female,38,0,0,7.2292,C,1
1240,2,male,24,0,0,13.5,S,0
1241,2,female,31,0,0,21,S,1
1242,1,female,45,0,1,63.3583,C,1
1243,2,male,25,0,0,10.5,S,0
1244,2,male,18,0,0,73.5,S,0
1245,2,male,49,1,2,65,S,0
1246,3,female,0.17,1,2,20.575,S,1
1247,1,male,50,0,0,26,S,0
1248,1,female,59,2,0,51.4792,S,1
1249,3,male,,0,0,7.8792,S,0
1250,3,male,,0,0,7.75,Q,0
1251,3,female,30,1,0,15.55,S,1
1252,3,male,14.5,8,2,69.55,S,0
1253,2,female,24,1,1,37.0042,C,1
1254,2,female,31,0,0,21,S,1
1255,3,male,27,0,0,8.6625,S,0
1256,1,female,25,1,0,55.4417,C,1
1257,3,female,,1,9,69.55,S,1
1258,3,male,,1,0,14.4583,C,0
1259,3,female,22,0,0,39.6875,S,1
1260,1,female,45,0,1,59.4,C,1
1261,2,male,29,0,0,13.8583,C,0
1262,2,male,21,1,0,11.5,S,0
1263,1,female,31,0,0,134.5,C,1
1264,1,male,49,0,0,0,S,0
1265,2,male,44,0,0,13,S,0
1266,1,female,54,1,1,81.8583,S,1
1267,1,female,45,0,0,262.375,C,1
1268,3,female,22,2,0,8.6625,S,1
1269,2,male,21,0,0,11.5,S,0
1270,1,male,55,0,0,50,S,0
1271,3,male,5,4,2,31.3875,S,0
1272,3,male,,0,0,7.75,Q,0
1273,3,male,26,0,0,7.8792,Q,0
1274,3,female,,0,0,14.5,S,1
1275,3,female,19,1,0,16.1,S,1
1276,2,male,,0,0,12.875,S,0
1277,2,female,24,1,2,65,S,1
1278,3,male,24,0,0,7.775,S,0
1279,2,male,57,0,0,13,S,0
1280,3,male,21,0,0,7.75,Q,0
1281,3,male,6,3,1,21.075,S,0
1282,1,male,23,0,0,93.5,S,0
1283,1,female,51,0,1,39.4,S,1
1284,3,male,13,0,2,20.25,S,0
1285,2,male,47,0,0,10.5,S,0
1286,3,male,29,3,1,22.025,S,0
1287,1,female,18,1,0,60,S,1
1288,3,male,24,0,0,7.25,Q,0
1289,1,female,48,1,1,79.2,C,1
1290,3,male,22,0,0,7.775,S,0
1291,3,male,31,0,0,7.7333,Q,0
1292,1,female,30,0,0,164.8667,S,1
1293,2,male,38,1,0,21,S,0
1294,1,female,22,0,1,59.4,C,1
1295,1,male,17,0,0,47.1,S,0
1296,1,male,43,1,0,27.7208,C,0
1297,2,male,20,0,0,13.8625,C,0
1298,2,male,23,1,0,10.5,S,0
1299,1,male,50,1,1,211.5,C,0
1300,3,female,,0,0,7.7208,Q,1
1301,3,female,3,1,1,13.775,S,1
1302,3,female,,0,0,7.75,Q,1
1303,1,female,37,1,0,90,Q,1
1304,3,female,28,0,0,7.775,S,1
1305,3,male,,0,0,8.05,S,0
1306,1,female,39,0,0,108.9,C,1
1307,3,male,38.5,0,0,7.25,S,0
1308,3,male,,0,0,8.05,S,0
1309,3,male,,1,1,22.3583,C,0
